{
	"class_name" : "PinholeCameraParameters",
	"extrinsic" : 
	[
		-0.7495816141731263,
		0.0650903555392668,
		0.65870376445666556,
		0.0,
		-0.060085277441489497,
		-0.99773577797706103,
		0.030217160344544376,
		0.0,
		0.65917915859680343,
		-0.016928170612340542,
		0.75179536704566752,
		0.0,
		13.966885150344751,
		1.4961848627057748,
		11455.072497587349,
		1.0
	],
	"intrinsic" : 
	{
		"height" : 1055,
		"intrinsic_matrix" : 
		[
			913.65680099258282,
			0.0,
			0.0,
			0.0,
			913.65680099258282,
			0.0,
			959.5,
			527.0,
			1.0
		],
		"width" : 1920
	},
	"version_major" : 1,
	"version_minor" : 0
}