{
	"class_name" : "PinholeCameraParameters",
	"extrinsic" : 
	[
		-0.29523029555248514,
		0.18111249949497818,
		-0.93810305143660733,
		0.0,
		-0.9553394747688948,
		-0.069182518394604139,
		0.28729821979412384,
		0.0,
		-0.012867032924675975,
		0.9810260147800679,
		0.19344869549431837,
		0.0,
		1.4648376598156263,
		20.888143181846317,
		2463.6142101120995,
		1.0
	],
	"intrinsic" : 
	{
		"height" : 1055,
		"intrinsic_matrix" : 
		[
			913.65680099258282,
			0.0,
			0.0,
			0.0,
			913.65680099258282,
			0.0,
			959.5,
			527.0,
			1.0
		],
		"width" : 1920
	},
	"version_major" : 1,
	"version_minor" : 0
}